image,ctc_cer,attn_cer,easy_cer,ctc_wer,attn_wer,easy_wer,ctc_time,attn_time,easy_time
all_data/dataset/test/image_91235.jpg,0.039603960396039604,0.06435643564356436,0.8415841584158416,0.2571428571428571,0.2571428571428571,1.0,0.3570425510406494,0.8168840408325195,9.785559177398682
all_data/dataset/test/image_25664.jpg,0.0,0.0,0.14285714285714285,0.0,0.0,0.4,0.35736894607543945,0.79685378074646,1.9392991065979004
all_data/dataset/test/image_67410.jpg,0.1095890410958904,0.0,0.726027397260274,0.38461538461538464,0.0,0.8461538461538461,0.2869393825531006,0.727694034576416,2.9303383827209473
all_data/dataset/test/image_90007.jpg,0.038461538461538464,0.019230769230769232,0.17307692307692307,0.2857142857142857,0.14285714285714285,0.7142857142857143,0.28749918937683105,0.72782301902771,1.9113426208496094
all_data/dataset/test/image_98835.jpg,0.5512820512820513,0.5085470085470085,0.8247863247863247,0.9714285714285714,0.7142857142857143,1.0,0.2903165817260742,0.7555880546569824,7.899669647216797
all_data/dataset/test/image_80303.jpg,0.01098901098901099,0.06593406593406594,0.07692307692307693,0.07142857142857142,0.2857142857142857,0.42857142857142855,0.348602294921875,0.8369216918945312,2.952554225921631
all_data/dataset/test/image_12769.jpg,0.03125,0.13839285714285715,0.05357142857142857,0.14285714285714285,0.2,0.2571428571428571,0.41643190383911133,0.8011324405670166,4.415098667144775
all_data/dataset/test/image_27248.jpg,0.03773584905660377,0.03773584905660377,0.0,0.2857142857142857,0.2857142857142857,0.0,0.39142632484436035,0.8617310523986816,2.67987322807312
all_data/dataset/test/image_65011.jpg,0.011111111111111112,0.03888888888888889,0.18888888888888888,0.05714285714285714,0.14285714285714285,0.45714285714285713,0.299593448638916,0.7445468902587891,4.6904261112213135
all_data/dataset/test/image_32262.jpg,0.0,0.0,0.0,0.0,0.0,0.0,0.29101109504699707,0.7496519088745117,1.5256662368774414
all_data/dataset/test/image_18458.jpg,0.03614457831325301,0.0,0.060240963855421686,0.18181818181818182,0.0,0.45454545454545453,0.3122978210449219,0.8236429691314697,2.2453157901763916
all_data/dataset/test/image_39088.jpg,0.0,0.0,0.4146341463414634,0.0,0.0,0.4444444444444444,0.2904059886932373,0.77744460105896,2.029609441757202
all_data/dataset/test/image_39179.jpg,0.0,0.037037037037037035,0.037037037037037035,0.0,0.125,0.125,0.2942161560058594,0.7154674530029297,2.09171199798584
all_data/dataset/test/image_11253.jpg,0.0,0.0,0.18627450980392157,0.0,0.0,0.2,0.3534657955169678,0.7869954109191895,3.71516489982605
all_data/dataset/test/image_29734.jpg,0.04455445544554455,0.12871287128712872,0.2079207920792079,0.2571428571428571,0.2571428571428571,0.6857142857142857,0.4177076816558838,0.8266282081604004,8.016954898834229
all_data/dataset/test/image_70524.jpg,0.034482758620689655,0.0,0.034482758620689655,0.3333333333333333,0.0,0.16666666666666666,0.3511800765991211,0.8012828826904297,1.8535072803497314
all_data/dataset/test/image_51602.jpg,0.12698412698412698,0.031746031746031744,0.7936507936507936,0.4838709677419355,0.0967741935483871,0.9354838709677419,0.3512141704559326,0.7728526592254639,3.189337730407715
all_data/dataset/test/image_94435.jpg,0.037037037037037035,0.037037037037037035,0.018518518518518517,0.25,0.25,0.25,0.3240091800689697,0.6766226291656494,2.1163148880004883
all_data/dataset/test/image_50192.jpg,0.0,0.0,0.23170731707317074,0.0,0.0,0.3076923076923077,0.3105125427246094,0.7649326324462891,2.615976333618164
all_data/dataset/test/image_42115.jpg,0.024390243902439025,0.024390243902439025,0.12195121951219512,0.08333333333333333,0.08333333333333333,0.5,0.3832731246948242,0.8381967544555664,2.3173987865448
all_data/dataset/test/image_32208.jpg,0.025,0.04375,0.35625,0.14285714285714285,0.17857142857142858,0.7857142857142857,0.4005138874053955,0.7029893398284912,6.341284513473511
all_data/dataset/test/image_93599.jpg,0.029914529914529916,0.17094017094017094,0.16666666666666666,0.21212121212121213,0.3333333333333333,0.696969696969697,0.30508875846862793,0.7756345272064209,5.353145599365234
all_data/dataset/test/image_87256.jpg,0.0,0.0,0.0,0.0,0.0,0.0,0.36318302154541016,0.8027970790863037,2.415052652359009
all_data/dataset/test/image_87483.jpg,0.0,0.0,0.1,0.0,0.0,0.5,0.3100461959838867,0.7773818969726562,1.4194378852844238
all_data/dataset/test/image_46561.jpg,0.2631578947368421,0.25,0.40350877192982454,0.7714285714285715,0.6,0.8571428571428571,0.30208373069763184,0.7496156692504883,6.824846506118774
all_data/dataset/test/image_80417.jpg,0.04072398190045249,0.11312217194570136,0.2398190045248869,0.18181818181818182,0.24242424242424243,0.6060606060606061,0.39467597007751465,0.9004325866699219,4.72487998008728
all_data/dataset/test/image_64225.jpg,0.0,0.0,0.0967741935483871,0.0,0.0,0.16666666666666666,0.3105158805847168,0.8390464782714844,3.449387788772583
all_data/dataset/test/image_98278.jpg,0.9,1.0,1.0,1.0,1.0,1.0,0.3548712730407715,0.8688702583312988,1.2081608772277832
all_data/dataset/test/image_76411.jpg,0.0,0.0,0.0,0.0,0.0,0.0,0.36490797996520996,0.8229954242706299,2.477196216583252
all_data/dataset/test/image_12976.jpg,0.16796875,0.26171875,0.27734375,0.5882352941176471,0.4117647058823529,0.8529411764705882,0.3307015895843506,0.7165112495422363,9.261259317398071
all_data/dataset/test/image_18494.jpg,0.1,0.1,0.05,0.5,0.5,0.25,0.36493539810180664,0.7300846576690674,1.8013739585876465
all_data/dataset/test/image_60481.jpg,0.0,0.0,0.0,0.0,0.0,0.0,0.3211784362792969,0.7739315032958984,1.4916722774505615
all_data/dataset/test/image_00104.jpg,0.021052631578947368,0.021052631578947368,0.05263157894736842,0.125,0.125,0.1875,0.34701085090637207,0.8366119861602783,2.8456287384033203
all_data/dataset/test/image_52865.jpg,0.0,0.0,0.047619047619047616,0.0,0.0,0.2,0.4202306270599365,0.7930171489715576,2.254469156265259
all_data/dataset/test/image_93247.jpg,0.0,0.0,0.043478260869565216,0.0,0.0,0.16666666666666666,0.34983325004577637,0.799140453338623,1.955430507659912
all_data/dataset/test/image_03751.jpg,0.06666666666666667,0.3244444444444444,0.17333333333333334,0.22857142857142856,0.5142857142857142,0.4857142857142857,0.33118748664855957,0.8358497619628906,4.404113292694092
all_data/dataset/test/image_15571.jpg,0.0,0.0,0.0,0.0,0.0,0.0,0.30519866943359375,0.6946508884429932,1.817842960357666
all_data/dataset/test/image_00252.jpg,0.029411764705882353,0.029411764705882353,0.04411764705882353,0.15384615384615385,0.15384615384615385,0.3076923076923077,0.3157482147216797,0.7848780155181885,2.219294548034668
all_data/dataset/test/image_13499.jpg,0.19148936170212766,0.20851063829787234,0.4553191489361702,0.65625,0.4375,0.90625,0.3258936405181885,0.7464332580566406,11.091017007827759
all_data/dataset/test/image_86996.jpg,0.0,0.0,0.0,0.0,0.0,0.0,0.427121639251709,0.8380613327026367,1.7066891193389893
all_data/dataset/test/image_20708.jpg,0.0,0.0,0.0,0.0,0.0,0.0,0.3035109043121338,0.6417887210845947,1.4672796726226807
all_data/dataset/test/image_41138.jpg,0.0,0.0,0.0,0.0,0.0,0.0,0.3004183769226074,0.7699379920959473,1.4440913200378418
all_data/dataset/test/image_39435.jpg,0.032467532467532464,0.03896103896103896,0.06493506493506493,0.09090909090909091,0.13636363636363635,0.2727272727272727,0.28928542137145996,0.6700222492218018,3.7825112342834473
all_data/dataset/test/image_67059.jpg,0.0,0.0,0.8461538461538461,0.0,0.0,1.0,0.34930968284606934,0.8187949657440186,1.5296437740325928
all_data/dataset/test/image_43140.jpg,0.0752212389380531,0.14601769911504425,0.42035398230088494,0.22857142857142856,0.3142857142857143,0.7428571428571429,0.3752565383911133,0.8721091747283936,8.047393560409546
all_data/dataset/test/image_75046.jpg,0.0391304347826087,0.17391304347826086,0.7,0.14285714285714285,0.2571428571428571,1.0,0.30673956871032715,0.7995376586914062,6.7399444580078125
all_data/dataset/test/image_03190.jpg,0.07079646017699115,0.035398230088495575,0.6106194690265486,0.3125,0.25,1.0,0.40674424171447754,0.799694299697876,3.8729665279388428
all_data/dataset/test/image_43816.jpg,0.0962962962962963,0.05185185185185185,0.23703703703703705,0.3157894736842105,0.3157894736842105,0.7368421052631579,0.3331563472747803,0.8722832202911377,3.9698264598846436
all_data/dataset/test/image_29373.jpg,0.0,0.0,0.0,0.0,0.0,0.0,0.35433292388916016,0.7339332103729248,1.0760867595672607
all_data/dataset/test/image_50645.jpg,0.11914893617021277,0.1829787234042553,0.20425531914893616,0.4,0.37142857142857144,0.7428571428571429,0.22346973419189453,0.8681361675262451,6.223329782485962
all_data/dataset/test/image_79338.jpg,0.018518518518518517,0.08796296296296297,0.5370370370370371,0.11428571428571428,0.14285714285714285,0.5428571428571428,0.29158711433410645,0.6202371120452881,3.509979724884033
all_data/dataset/test/image_48335.jpg,0.4851063829787234,0.4127659574468085,0.9234042553191489,0.9142857142857143,0.7142857142857143,1.0,0.28914380073547363,0.6022512912750244,5.904811143875122
all_data/dataset/test/image_54566.jpg,0.05063291139240506,0.05063291139240506,0.05063291139240506,0.09090909090909091,0.09090909090909091,0.18181818181818182,0.3077402114868164,0.583411455154419,2.61251163482666
all_data/dataset/test/image_81049.jpg,0.04411764705882353,0.04411764705882353,0.36764705882352944,0.3,0.2,0.7,0.2967708110809326,0.6380877494812012,2.4922451972961426
all_data/dataset/test/image_35288.jpg,0.0,0.0,0.05405405405405406,0.0,0.0,0.15151515151515152,0.29814887046813965,0.6009528636932373,4.137466907501221
all_data/dataset/test/image_35164.jpg,0.7992125984251969,0.7047244094488189,0.9212598425196851,1.0,0.9142857142857143,0.9714285714285714,0.2914085388183594,0.584716796875,5.096015930175781
all_data/dataset/test/image_48157.jpg,0.15730337078651685,0.0449438202247191,0.7528089887640449,0.6,0.26666666666666666,1.0,0.29027533531188965,0.5916686058044434,2.1276514530181885
all_data/dataset/test/image_44301.jpg,0.0,0.0,0.28,0.0,0.0,0.4444444444444444,0.29294919967651367,0.6346745491027832,2.00675106048584
all_data/dataset/test/image_59657.jpg,0.08849557522123894,0.2079646017699115,0.336283185840708,0.2857142857142857,0.4,0.5142857142857142,0.2903866767883301,0.638200044631958,4.327554702758789
all_data/dataset/test/image_06355.jpg,0.011494252873563218,0.005747126436781609,0.05747126436781609,0.07692307692307693,0.038461538461538464,0.23076923076923078,0.29158806800842285,0.6230309009552002,4.131000518798828
all_data/dataset/test/image_01669.jpg,0.10176991150442478,0.1592920353982301,0.6769911504424779,0.2857142857142857,0.34285714285714286,1.0,0.29423093795776367,0.6396443843841553,10.858644962310791
all_data/dataset/test/image_88537.jpg,0.0,0.0,0.0,0.0,0.0,0.0,0.28005480766296387,0.626763105392456,1.3394615650177002
all_data/dataset/test/image_56906.jpg,0.020833333333333332,0.0,0.17708333333333334,0.13793103448275862,0.0,0.41379310344827586,0.2922360897064209,0.6507883071899414,3.979649782180786
all_data/dataset/test/image_01092.jpg,0.010869565217391304,0.005434782608695652,0.03260869565217391,0.03333333333333333,0.06666666666666667,0.1,0.29669857025146484,0.6641371250152588,4.276304721832275
all_data/dataset/test/image_56815.jpg,0.03636363636363636,0.03636363636363636,0.0,0.2222222222222222,0.2222222222222222,0.0,0.2888529300689697,0.6309404373168945,2.2549593448638916
all_data/dataset/test/image_34337.jpg,0.01680672268907563,0.01680672268907563,0.03361344537815126,0.1,0.1,0.15,0.2845752239227295,0.6289970874786377,3.728372812271118
all_data/dataset/test/image_17504.jpg,0.045871559633027525,0.045871559633027525,0.05504587155963303,0.1,0.1,0.2,0.40830039978027344,0.7935757637023926,3.0514137744903564
all_data/dataset/test/image_09487.jpg,0.0,0.03333333333333333,0.03333333333333333,0.0,0.16666666666666666,0.16666666666666666,0.27031779289245605,0.7066876888275146,1.4637527465820312
all_data/dataset/test/image_16353.jpg,0.0,0.0,0.17045454545454544,0.0,0.0,0.13333333333333333,0.4278087615966797,0.7985882759094238,4.617589712142944
all_data/dataset/test/image_39012.jpg,0.005154639175257732,0.005154639175257732,0.05670103092783505,0.02857142857142857,0.02857142857142857,0.2857142857142857,0.40845346450805664,0.7666847705841064,9.459360837936401
all_data/dataset/test/image_87876.jpg,0.0,0.0,0.25,0.0,0.0,0.5,0.32408857345581055,0.6110525131225586,1.817598581314087
all_data/dataset/test/image_67532.jpg,0.2928870292887029,0.2594142259414226,0.25523012552301255,0.8571428571428571,0.5428571428571428,0.8285714285714286,0.2959566116333008,0.5708129405975342,9.358380794525146
all_data/dataset/test/image_85479.jpg,0.058823529411764705,0.11764705882352941,0.029411764705882353,0.16666666666666666,0.16666666666666666,0.16666666666666666,0.3494725227355957,0.7202224731445312,1.6311554908752441
all_data/dataset/test/image_57773.jpg,0.0319634703196347,0.136986301369863,0.1095890410958904,0.14285714285714285,0.2857142857142857,0.4,0.2985553741455078,0.6247069835662842,4.337155818939209
all_data/dataset/test/image_31065.jpg,0.03529411764705882,0.03529411764705882,0.058823529411764705,0.18181818181818182,0.18181818181818182,0.45454545454545453,0.29403185844421387,0.5990402698516846,2.3273115158081055
all_data/dataset/test/image_51310.jpg,0.0,0.0,0.0,0.0,0.0,0.0,0.27896547317504883,0.6181368827819824,1.3792755603790283
all_data/dataset/test/image_64894.jpg,0.0,0.0,0.04878048780487805,0.0,0.0,0.2777777777777778,0.305325984954834,0.6619045734405518,3.039233446121216
all_data/dataset/test/image_36293.jpg,0.017543859649122806,0.05263157894736842,0.05263157894736842,0.16666666666666666,0.5,0.16666666666666666,0.3058662414550781,0.5710179805755615,1.7508916854858398
all_data/dataset/test/image_98882.jpg,0.08974358974358974,0.0641025641025641,0.4551282051282051,0.36666666666666664,0.16666666666666666,0.8666666666666667,0.3089902400970459,0.620795726776123,5.1396894454956055
all_data/dataset/test/image_10218.jpg,0.0,0.0,0.07317073170731707,0.0,0.0,0.16666666666666666,0.28388214111328125,0.6006333827972412,2.5939559936523438
all_data/dataset/test/image_21471.jpg,0.0,0.0,0.3333333333333333,0.0,0.0,0.4444444444444444,0.3111729621887207,0.6189546585083008,2.340359687805176
all_data/dataset/test/image_09341.jpg,0.0,0.0,0.027777777777777776,0.0,0.0,0.16666666666666666,0.30574917793273926,0.7006881237030029,1.6972057819366455
all_data/dataset/test/image_97844.jpg,0.051643192488262914,0.08450704225352113,0.3051643192488263,0.22857142857142856,0.2,0.7714285714285715,0.38895297050476074,0.7336544990539551,7.789939880371094
all_data/dataset/test/image_79977.jpg,0.029850746268656716,0.029850746268656716,0.04477611940298507,0.2,0.2,0.3,0.2622215747833252,0.5730042457580566,2.150834560394287
all_data/dataset/test/image_31087.jpg,0.0,0.0,0.039735099337748346,0.0,0.0,0.15,0.28243255615234375,0.6235871315002441,3.560091733932495
all_data/dataset/test/image_10266.jpg,0.0,0.0392156862745098,0.0392156862745098,0.0,0.3333333333333333,0.16666666666666666,0.27962684631347656,0.5876474380493164,1.6344153881072998
all_data/dataset/test/image_55939.jpg,0.012987012987012988,0.0,0.05194805194805195,0.2222222222222222,0.0,0.2222222222222222,0.29343557357788086,0.5873351097106934,2.768921375274658
all_data/dataset/test/image_36688.jpg,0.03428571428571429,0.017142857142857144,0.3485714285714286,0.16666666666666666,0.125,0.5833333333333334,0.28928375244140625,0.6063740253448486,4.4059906005859375
all_data/dataset/test/image_58236.jpg,0.8744939271255061,0.9919028340080972,1.0,1.0,1.0,1.0,0.2965354919433594,0.6136772632598877,0.9950697422027588
all_data/dataset/test/image_66306.jpg,0.045454545454545456,0.030303030303030304,0.36363636363636365,0.2727272727272727,0.18181818181818182,0.36363636363636365,0.27562880516052246,0.6237144470214844,2.261861801147461
all_data/dataset/test/image_97023.jpg,0.017241379310344827,0.08620689655172414,0.22413793103448276,0.09523809523809523,0.14285714285714285,0.23809523809523808,0.28647923469543457,0.597057580947876,3.4565956592559814
all_data/dataset/test/image_06052.jpg,0.0,0.0,0.0,0.0,0.0,0.0,0.2979159355163574,0.5637774467468262,2.1189563274383545
all_data/dataset/test/image_12938.jpg,0.0,0.0,0.0,0.0,0.0,0.0,0.2786548137664795,0.6300241947174072,1.3012125492095947
all_data/dataset/test/image_16526.jpg,0.027522935779816515,0.11467889908256881,0.13761467889908258,0.17142857142857143,0.22857142857142856,0.2857142857142857,0.29834604263305664,0.6116163730621338,4.009521484375
all_data/dataset/test/image_45248.jpg,0.2653061224489796,0.2530612244897959,0.6448979591836734,0.6285714285714286,0.4857142857142857,1.0,0.2863931655883789,0.5862712860107422,7.067936420440674
all_data/dataset/test/image_09664.jpg,0.0,0.0,0.043478260869565216,0.0,0.0,0.2727272727272727,0.29276347160339355,0.6314270496368408,2.3622183799743652
all_data/dataset/test/image_88470.jpg,0.03773584905660377,0.05660377358490566,0.49056603773584906,0.25,0.25,0.875,0.29041099548339844,0.5728476047515869,2.57889723777771
all_data/dataset/test/image_49105.jpg,0.0,0.0,0.14,0.0,0.0,0.22727272727272727,0.2973148822784424,0.5852189064025879,3.5454347133636475
all_data/dataset/test/image_05354.jpg,0.0,0.0,0.4722222222222222,0.0,0.0,0.5,0.2819359302520752,0.5909030437469482,1.7809832096099854
all_data/dataset/test/image_43182.jpg,0.022099447513812154,0.0055248618784530384,0.5082872928176796,0.14814814814814814,0.037037037037037035,0.5555555555555556,0.3028554916381836,0.5816233158111572,4.108606815338135
all_data/dataset/test/image_10627.jpg,0.01675977653631285,0.01675977653631285,0.16759776536312848,0.10714285714285714,0.10714285714285714,0.32142857142857145,0.29244446754455566,0.5753583908081055,4.250206470489502
all_data/dataset/test/image_37509.jpg,0.08225108225108226,0.19047619047619047,0.7489177489177489,0.34285714285714286,0.2857142857142857,1.0,0.2925560474395752,0.604527473449707,11.20244574546814
all_data/dataset/test/image_96637.jpg,0.031746031746031744,0.031746031746031744,0.047619047619047616,0.18181818181818182,0.18181818181818182,0.36363636363636365,0.28876638412475586,0.5928382873535156,1.896043062210083
all_data/dataset/test/image_28305.jpg,0.08130081300813008,0.056910569105691054,0.8943089430894309,0.5,0.25,1.0625,0.34541773796081543,0.6091616153717041,3.5034756660461426
all_data/dataset/test/image_65380.jpg,0.038461538461538464,0.0,0.0,0.2,0.0,0.0,0.29854536056518555,0.6094496250152588,1.533607006072998
all_data/dataset/test/image_73068.jpg,0.0,0.0,0.06338028169014084,0.0,0.0,0.18181818181818182,0.3043372631072998,0.6182818412780762,3.5813701152801514
all_data/dataset/test/image_30313.jpg,0.1,0.19166666666666668,0.4708333333333333,0.4857142857142857,0.34285714285714286,0.9428571428571428,0.2777690887451172,0.6171762943267822,9.789121150970459
all_data/dataset/test/image_36598.jpg,0.0,0.0,0.0,0.0,0.0,0.0,0.29598259925842285,0.6310114860534668,1.3727540969848633
all_data/dataset/test/image_14853.jpg,0.0,0.0,0.007575757575757576,0.0,0.0,0.1,0.28501176834106445,0.624171257019043,2.822786808013916
all_data/dataset/test/image_66033.jpg,0.11428571428571428,0.1,0.35,0.6,0.3,0.95,0.28574490547180176,0.5656781196594238,3.3447511196136475
all_data/dataset/test/image_28144.jpg,0.00980392156862745,0.09313725490196079,0.058823529411764705,0.08571428571428572,0.2571428571428571,0.2857142857142857,0.3019866943359375,0.6365189552307129,3.9571685791015625
all_data/dataset/test/image_37946.jpg,0.022900763358778626,0.015267175572519083,0.6335877862595419,0.13043478260869565,0.08695652173913043,0.7391304347826086,0.28765058517456055,0.6032125949859619,2.3559160232543945
all_data/dataset/test/image_85052.jpg,0.0,0.0,0.12345679012345678,0.0,0.0,0.46153846153846156,0.28717994689941406,0.5472745895385742,2.076432228088379
all_data/dataset/test/image_37645.jpg,0.0,0.0,0.0,0.0,0.0,0.0,0.28041768074035645,0.6485886573791504,1.9007751941680908
all_data/dataset/test/image_51554.jpg,0.0,0.0,0.0,0.0,0.0,0.0,0.2855086326599121,0.6742215156555176,1.9556002616882324
all_data/dataset/test/image_31597.jpg,0.0,0.013513513513513514,0.02702702702702703,0.0,0.08333333333333333,0.25,0.28862977027893066,0.6191771030426025,2.3750674724578857
all_data/dataset/test/image_21264.jpg,0.0,0.0,0.02857142857142857,0.0,0.0,0.19047619047619047,0.29825615882873535,0.751075267791748,3.1228744983673096
all_data/dataset/test/image_77880.jpg,0.0,0.0,0.07692307692307693,0.0,0.0,0.3333333333333333,0.29061341285705566,0.6022779941558838,2.293321132659912
all_data/dataset/test/image_75684.jpg,0.057971014492753624,0.057971014492753624,0.057971014492753624,0.2727272727272727,0.2727272727272727,0.2727272727272727,0.29241275787353516,0.6323356628417969,2.1252341270446777
all_data/dataset/test/image_60525.jpg,0.009345794392523364,0.0,0.7850467289719626,0.047619047619047616,0.0,0.9047619047619048,0.2824819087982178,0.5620520114898682,2.7453625202178955
all_data/dataset/test/image_69529.jpg,0.034482758620689655,0.1810344827586207,0.23706896551724138,0.2,0.2571428571428571,0.8,0.28497791290283203,0.5946550369262695,8.615080118179321
all_data/dataset/test/image_71762.jpg,0.0,0.0,0.14035087719298245,0.0,0.0,0.3,0.2728743553161621,0.6092660427093506,2.043379545211792
all_data/dataset/test/image_50309.jpg,0.0,0.025,0.05,0.0,0.14285714285714285,0.14285714285714285,0.2860889434814453,0.612957239151001,2.2579684257507324
all_data/dataset/test/image_80450.jpg,0.06741573033707865,0.0449438202247191,0.797752808988764,0.36363636363636365,0.36363636363636365,1.0909090909090908,0.28548765182495117,0.6469206809997559,2.539689302444458
all_data/dataset/test/image_47564.jpg,0.05660377358490566,0.03773584905660377,0.20754716981132076,0.2857142857142857,0.2857142857142857,0.42857142857142855,0.29310154914855957,0.6286094188690186,2.067065715789795
all_data/dataset/test/image_32632.jpg,0.10344827586206896,0.10344827586206896,0.10344827586206896,0.5,0.5,0.5,0.28525662422180176,0.5640521049499512,1.5423684120178223
all_data/dataset/test/image_36698.jpg,0.2681818181818182,0.1,0.02727272727272727,0.9142857142857143,0.17142857142857143,0.17142857142857143,0.2863306999206543,0.5848345756530762,3.7823493480682373
all_data/dataset/test/image_37964.jpg,0.038461538461538464,0.038461538461538464,0.07692307692307693,0.25,0.25,0.25,0.26635026931762695,0.578665018081665,1.5782380104064941
all_data/dataset/test/image_73301.jpg,0.07692307692307693,0.1752136752136752,0.8333333333333334,0.3142857142857143,0.34285714285714286,1.0,0.284442663192749,0.6016840934753418,5.655092477798462
all_data/dataset/test/image_34746.jpg,0.855072463768116,0.7294685990338164,1.0,1.0,1.0,1.0,0.283139705657959,0.6389634609222412,1.0131909847259521
all_data/dataset/test/image_62343.jpg,0.0,0.0,0.7692307692307693,0.0,0.0,1.0,0.2991211414337158,0.6360187530517578,1.3938720226287842
all_data/dataset/test/image_75663.jpg,0.0392156862745098,0.06862745098039216,0.20098039215686275,0.18181818181818182,0.21212121212121213,0.6666666666666666,0.2992105484008789,0.6485693454742432,5.1065757274627686
all_data/dataset/test/image_97087.jpg,0.0,0.09375,0.0,0.0,0.16666666666666666,0.0,0.28408336639404297,0.6205976009368896,1.6403214931488037
all_data/dataset/test/image_68663.jpg,0.07894736842105263,0.07894736842105263,0.07894736842105263,0.2,0.2,0.4,0.29835057258605957,0.6495211124420166,1.8441274166107178
all_data/dataset/test/image_29777.jpg,0.0,0.0,0.05504587155963303,0.0,0.0,0.375,0.29456019401550293,0.5987844467163086,2.496260404586792
all_data/dataset/test/image_90843.jpg,0.0,0.0,0.2894736842105263,0.0,0.0,0.5,0.28943371772766113,0.6573808193206787,1.8121113777160645
all_data/dataset/test/image_08331.jpg,0.0,0.0,0.06976744186046512,0.0,0.0,0.125,0.2923445701599121,0.6399352550506592,1.8276863098144531
all_data/dataset/test/image_81580.jpg,0.0,0.0,0.0,0.0,0.0,0.0,0.35091376304626465,0.638913631439209,1.277001142501831
all_data/dataset/test/image_66325.jpg,0.014705882352941176,0.0,0.17647058823529413,0.1,0.0,0.3,0.30066490173339844,0.6295628547668457,2.3100266456604004
all_data/dataset/test/image_82982.jpg,0.0,0.0,0.02857142857142857,0.0,0.0,0.2,0.2877316474914551,0.5886905193328857,1.7242891788482666
all_data/dataset/test/image_47219.jpg,0.0,0.013605442176870748,0.8435374149659864,0.0,0.045454545454545456,0.8636363636363636,0.3042640686035156,0.6039121150970459,2.824281692504883
all_data/dataset/test/image_82536.jpg,0.0,0.0,0.28125,0.0,0.0,0.5,0.35301971435546875,0.620018482208252,1.8411741256713867
all_data/dataset/test/image_21817.jpg,0.0,0.0,0.05405405405405406,0.0,0.0,0.3333333333333333,0.2910168170928955,0.6262927055358887,1.7457780838012695
all_data/dataset/test/image_86051.jpg,0.0,0.04878048780487805,0.024390243902439025,0.0,0.5,0.25,0.29282665252685547,0.6488769054412842,1.5292963981628418
all_data/dataset/test/image_72494.jpg,0.025423728813559324,0.18220338983050846,0.288135593220339,0.11428571428571428,0.34285714285714286,0.7142857142857143,0.30139613151550293,0.5809409618377686,4.340044736862183
all_data/dataset/test/image_22096.jpg,0.4007936507936508,0.4603174603174603,0.9444444444444444,0.8571428571428571,0.8,1.0,0.28716421127319336,0.5473086833953857,3.616581916809082
all_data/dataset/test/image_07896.jpg,0.0055248618784530384,0.016574585635359115,0.569060773480663,0.02857142857142857,0.05714285714285714,0.6857142857142857,0.29730725288391113,0.5941901206970215,4.666145324707031
all_data/dataset/test/image_97234.jpg,0.0,0.0,0.037037037037037035,0.0,0.0,0.125,0.2936818599700928,0.6213686466217041,2.12048602104187
all_data/dataset/test/image_11468.jpg,0.01098901098901099,0.027472527472527472,0.03296703296703297,0.06451612903225806,0.12903225806451613,0.16129032258064516,0.27721357345581055,0.6158044338226318,3.6028010845184326
all_data/dataset/test/image_44580.jpg,0.06880733944954129,0.0963302752293578,0.4036697247706422,0.37142857142857144,0.14285714285714285,0.5142857142857142,0.34102749824523926,0.6474475860595703,3.5110011100769043
all_data/dataset/test/image_11531.jpg,0.006896551724137931,0.027586206896551724,0.034482758620689655,0.043478260869565216,0.13043478260869565,0.17391304347826086,0.35587310791015625,0.6472866535186768,3.5692315101623535
all_data/dataset/test/image_76503.jpg,0.043478260869565216,0.043478260869565216,0.021739130434782608,0.2222222222222222,0.2222222222222222,0.1111111111111111,0.262347936630249,0.6307873725891113,1.9527037143707275
all_data/dataset/test/image_75884.jpg,0.16877637130801687,0.20253164556962025,0.25738396624472576,0.6176470588235294,0.38235294117647056,0.8235294117647058,0.28540635108947754,0.594264030456543,9.77687382698059
all_data/dataset/test/image_15468.jpg,0.014285714285714285,0.0,0.7571428571428571,0.08333333333333333,0.0,0.6666666666666666,0.2640206813812256,0.6104373931884766,2.756155252456665
all_data/dataset/test/image_84966.jpg,0.0,0.0,0.0,0.0,0.0,0.0,0.3288400173187256,0.5823955535888672,1.2976374626159668
all_data/dataset/test/image_56611.jpg,0.010526315789473684,0.015789473684210527,0.11052631578947368,0.05714285714285714,0.08571428571428572,0.3142857142857143,0.29409146308898926,0.593698263168335,4.816346883773804
all_data/dataset/test/image_85489.jpg,0.0,0.0,0.022988505747126436,0.0,0.0,0.21428571428571427,0.28856372833251953,0.6194658279418945,2.5812203884124756
all_data/dataset/test/image_23997.jpg,0.021505376344086023,0.021505376344086023,0.12903225806451613,0.11764705882352941,0.11764705882352941,0.47058823529411764,0.4108121395111084,0.6513311862945557,3.866847276687622
all_data/dataset/test/image_79107.jpg,0.04,0.04,0.04,0.2222222222222222,0.2222222222222222,0.2222222222222222,0.26888298988342285,0.5788824558258057,1.6691772937774658
all_data/dataset/test/image_05455.jpg,0.0,0.017964071856287425,0.0658682634730539,0.0,0.041666666666666664,0.2916666666666667,0.28052687644958496,0.6101622581481934,3.678734540939331
all_data/dataset/test/image_08078.jpg,0.0,0.0,0.07142857142857142,0.0,0.0,0.3333333333333333,0.27309536933898926,0.7367038726806641,1.4631459712982178
all_data/dataset/test/image_31204.jpg,0.0,0.0,0.0,0.0,0.0,0.0,0.3458726406097412,0.6119973659515381,1.7867817878723145
all_data/dataset/test/image_56098.jpg,0.0,0.0,0.0,0.0,0.0,0.0,0.28637146949768066,0.5796277523040771,1.259641408920288
all_data/dataset/test/image_63850.jpg,0.0,0.0,0.06896551724137931,0.0,0.0,0.2222222222222222,0.28469300270080566,0.5589919090270996,2.083216667175293
all_data/dataset/test/image_54475.jpg,0.0,0.0,0.15846994535519127,0.0,0.0,0.11538461538461539,0.28823137283325195,0.6130144596099854,3.0567057132720947
all_data/dataset/test/image_62636.jpg,0.06854838709677419,0.23790322580645162,0.21370967741935484,0.4,0.4,0.6857142857142857,0.2889280319213867,0.5666992664337158,5.326393127441406
all_data/dataset/test/image_59080.jpg,0.37089201877934275,0.2676056338028169,0.7934272300469484,0.9090909090909091,0.696969696969697,0.9696969696969697,0.2908914089202881,0.5678040981292725,8.703014135360718
all_data/dataset/test/image_98305.jpg,0.02403846153846154,0.1346153846153846,0.3942307692307692,0.14285714285714285,0.2571428571428571,0.5714285714285714,0.29157161712646484,0.615760087966919,6.344205379486084
all_data/dataset/test/image_29290.jpg,0.0,0.014492753623188406,0.057971014492753624,0.0,0.09090909090909091,0.36363636363636365,0.28929710388183594,0.6475293636322021,2.0511116981506348
all_data/dataset/test/image_57680.jpg,0.0392156862745098,0.0392156862745098,0.19607843137254902,0.25,0.25,0.5,0.27704405784606934,0.5811033248901367,2.1061713695526123
all_data/dataset/test/image_77800.jpg,0.04054054054054054,0.033783783783783786,0.0472972972972973,0.14285714285714285,0.09523809523809523,0.23809523809523808,0.27759838104248047,0.603729248046875,3.834278106689453
all_data/dataset/test/image_67313.jpg,0.0,0.0,0.005291005291005291,0.0,0.0,0.03571428571428571,0.2882542610168457,0.5757606029510498,3.602607250213623
all_data/dataset/test/image_03824.jpg,0.0,0.0,0.7096774193548387,0.0,0.0,0.6666666666666666,0.28165602684020996,0.5742330551147461,2.644728899002075
all_data/dataset/test/image_57472.jpg,0.021739130434782608,0.0,0.06521739130434782,0.14285714285714285,0.0,0.42857142857142855,0.2997777462005615,0.6707468032836914,1.733992099761963
all_data/dataset/test/image_40821.jpg,0.0,0.0,0.024390243902439025,0.0,0.0,0.16666666666666666,0.2930126190185547,0.5838255882263184,1.851233720779419
all_data/dataset/test/image_78287.jpg,0.0,0.0,0.0,0.0,0.0,0.0,0.2920722961425781,0.5941541194915771,1.304879903793335
all_data/dataset/test/image_51249.jpg,0.0,0.0,0.06666666666666667,0.0,0.0,1.0,0.32486820220947266,0.5801589488983154,1.2895171642303467
all_data/dataset/test/image_38890.jpg,0.022988505747126436,0.022988505747126436,0.04597701149425287,0.16666666666666666,0.16666666666666666,0.25,0.3121511936187744,0.6474120616912842,2.1600265502929688
all_data/dataset/test/image_20863.jpg,0.0,0.0,0.15384615384615385,0.0,0.0,0.25,0.2900543212890625,0.6552848815917969,1.280271053314209
all_data/dataset/test/image_16016.jpg,0.03125,0.03125,0.046875,0.2,0.2,0.4,0.290111780166626,0.583237886428833,3.1165871620178223
all_data/dataset/test/image_42616.jpg,0.03067484662576687,0.03680981595092025,0.11042944785276074,0.13636363636363635,0.09090909090909091,0.6363636363636364,0.3027462959289551,0.6034374237060547,3.355165719985962
all_data/dataset/test/image_00859.jpg,0.08695652173913043,0.08695652173913043,0.021739130434782608,0.2857142857142857,0.2857142857142857,0.14285714285714285,0.27280759811401367,0.5750019550323486,1.673983097076416
all_data/dataset/test/image_94771.jpg,0.0,0.0,0.0,0.0,0.0,0.0,0.281658411026001,0.5746605396270752,1.5100290775299072
all_data/dataset/test/image_18923.jpg,0.7716049382716049,0.5740740740740741,0.7654320987654321,1.0,0.8148148148148148,1.0,0.40318989753723145,0.673241376876831,7.294886589050293
all_data/dataset/test/image_42586.jpg,0.0,0.0,0.13194444444444445,0.0,0.0,0.22727272727272727,0.29053521156311035,0.5809874534606934,3.333714246749878
all_data/dataset/test/image_25609.jpg,0.1267605633802817,0.04225352112676056,0.7183098591549296,0.5,0.3,1.2,0.282360315322876,0.6190793514251709,1.8350884914398193
all_data/dataset/test/image_75033.jpg,0.0,0.0,0.0,0.0,0.0,0.0,0.2876732349395752,0.6395423412322998,1.913708209991455
all_data/dataset/test/image_06497.jpg,0.034482758620689655,0.020689655172413793,0.04827586206896552,0.2777777777777778,0.16666666666666666,0.5555555555555556,0.3118917942047119,0.5999929904937744,3.479438304901123
all_data/dataset/test/image_76599.jpg,0.029411764705882353,0.029411764705882353,0.5735294117647058,0.16666666666666666,0.16666666666666666,0.6666666666666666,0.2687661647796631,0.6389725208282471,2.4246044158935547
all_data/dataset/test/image_61351.jpg,0.012987012987012988,0.08441558441558442,0.09090909090909091,0.08695652173913043,0.17391304347826086,0.391304347826087,0.28587841987609863,0.6349332332611084,3.698458194732666
all_data/dataset/test/image_12764.jpg,0.02112676056338028,0.007042253521126761,0.056338028169014086,0.09090909090909091,0.045454545454545456,0.22727272727272727,0.2985062599182129,0.6084299087524414,2.934299945831299
all_data/dataset/test/image_59740.jpg,0.0,0.0,0.0,0.0,0.0,0.0,0.27988457679748535,0.5550878047943115,1.6543753147125244
all_data/dataset/test/image_94441.jpg,0.0,0.0,0.07692307692307693,0.0,0.0,0.25,0.2868945598602295,0.6108865737915039,1.4164643287658691
all_data/dataset/test/image_81424.jpg,0.5878787878787879,0.5696969696969697,0.7818181818181819,1.0,0.8518518518518519,1.0,0.29123735427856445,0.6319942474365234,6.720665216445923
all_data/dataset/test/image_77255.jpg,0.04,0.06,0.06,0.25,0.25,0.625,0.3000063896179199,0.6264193058013916,1.7899501323699951
all_data/dataset/test/image_08698.jpg,0.0,0.0,0.03125,0.0,0.0,0.21428571428571427,0.2957160472869873,0.6088812351226807,2.3251142501831055
all_data/dataset/test/image_07277.jpg,0.0273972602739726,0.0273972602739726,0.0547945205479452,0.18181818181818182,0.18181818181818182,0.18181818181818182,0.2928802967071533,0.619673490524292,1.879307508468628
all_data/dataset/test/image_59433.jpg,0.011428571428571429,0.045714285714285714,0.15428571428571428,0.09090909090909091,0.18181818181818182,0.45454545454545453,0.38886332511901855,0.6142544746398926,4.183349609375
all_data/dataset/test/image_84417.jpg,0.0,0.0,0.0,0.0,0.0,0.0,0.2911098003387451,0.5555136203765869,1.6683993339538574
all_data/dataset/test/image_38621.jpg,0.0,0.0,0.1935483870967742,0.0,0.0,0.22727272727272727,0.290555477142334,0.5754585266113281,3.0193965435028076
all_data/dataset/test/image_31684.jpg,0.0,0.0,0.07407407407407407,0.0,0.0,0.25,0.29733872413635254,0.5976755619049072,1.517850637435913
all_data/dataset/test/image_87625.jpg,0.06060606060606061,0.0,0.06060606060606061,0.16666666666666666,0.0,0.3333333333333333,0.2942183017730713,0.6324682235717773,1.9524714946746826
all_data/dataset/test/image_84940.jpg,0.0851063829787234,0.23404255319148937,0.23404255319148937,0.1111111111111111,0.3333333333333333,0.4444444444444444,0.285778284072876,0.5812056064605713,1.9701049327850342
all_data/dataset/test/image_63704.jpg,0.0,0.0,0.06976744186046512,0.0,0.0,0.2,0.29083919525146484,0.6884846687316895,2.155334711074829
all_data/dataset/test/image_40151.jpg,0.0,0.0,0.03225806451612903,0.0,0.0,0.16666666666666666,0.306560754776001,0.5825114250183105,1.8101887702941895
all_data/dataset/test/image_26696.jpg,0.039473684210526314,0.14035087719298245,0.09649122807017543,0.17142857142857143,0.2,0.17142857142857143,0.3037872314453125,0.5744955539703369,3.3515944480895996
all_data/dataset/test/image_48398.jpg,0.0,0.0,0.7792207792207793,0.0,0.0,0.9285714285714286,0.2843749523162842,0.5892395973205566,3.5784599781036377
all_data/dataset/test/image_84169.jpg,0.0,0.0,0.038461538461538464,0.0,0.0,0.5,0.29604434967041016,0.5778932571411133,1.5703315734863281
all_data/dataset/test/image_16212.jpg,0.0,0.0,0.0,0.0,0.0,0.0,0.28700828552246094,0.6751627922058105,1.6427574157714844
all_data/dataset/test/image_62131.jpg,0.13333333333333333,0.13333333333333333,0.26666666666666666,1.0,1.0,1.0,0.28765416145324707,0.5750925540924072,1.3905162811279297
all_data/dataset/test/image_97919.jpg,0.03524229074889868,0.15418502202643172,0.28634361233480177,0.2,0.2571428571428571,0.8,0.2969632148742676,0.5797052383422852,4.620556116104126
all_data/dataset/test/image_95251.jpg,0.00966183574879227,0.04830917874396135,0.00966183574879227,0.0625,0.09375,0.03125,0.2939596176147461,0.6235284805297852,3.6024179458618164
all_data/dataset/test/image_79177.jpg,0.05263157894736842,0.05263157894736842,0.0,0.3333333333333333,0.3333333333333333,0.0,0.2661013603210449,0.6487236022949219,1.578284740447998
all_data/dataset/test/image_56781.jpg,0.0,0.0,0.046875,0.0,0.0,0.09090909090909091,0.29620814323425293,0.6210024356842041,1.931278944015503
all_data/dataset/test/image_31235.jpg,0.0,0.01694915254237288,0.847457627118644,0.0,0.09090909090909091,1.0,0.29377079010009766,0.5503458976745605,2.1146702766418457
all_data/dataset/test/image_92045.jpg,0.0,0.0,0.03488372093023256,0.0,0.0,0.23529411764705882,0.2971951961517334,0.6487669944763184,2.2643871307373047
all_data/dataset/test/image_53690.jpg,0.0,0.0,0.0,0.0,0.0,0.0,0.2745778560638428,0.6862094402313232,2.756537675857544
all_data/dataset/test/image_01088.jpg,0.4339622641509434,0.2679245283018868,0.1018867924528302,0.9428571428571428,0.3142857142857143,0.4857142857142857,0.27031445503234863,0.6414651870727539,5.101759433746338
all_data/dataset/test/image_28045.jpg,0.0,0.0,0.07547169811320754,0.0,0.0,0.25,0.272385835647583,0.5790557861328125,2.3885960578918457
all_data/dataset/test/image_42609.jpg,0.0,0.0,0.24242424242424243,0.0,0.0,0.5714285714285714,0.2974543571472168,0.672292947769165,1.9331886768341064
all_data/dataset/test/image_34585.jpg,0.0,0.0,0.0,0.0,0.0,0.0,0.2776167392730713,0.6647975444793701,1.2904858589172363
all_data/dataset/test/image_85285.jpg,0.0,0.0,0.0,0.0,0.0,0.0,0.2936275005340576,0.6432638168334961,1.6544291973114014
all_data/dataset/test/image_42532.jpg,0.0,0.0,0.027522935779816515,0.0,0.0,0.1111111111111111,0.29503440856933594,0.5895285606384277,2.785696029663086
all_data/dataset/test/image_30126.jpg,0.0,0.0,0.0,0.0,0.0,0.0,0.2815282344818115,0.6246030330657959,1.3751347064971924
all_data/dataset/test/image_89382.jpg,0.0,0.017241379310344827,0.8275862068965517,0.0,0.1,0.8,0.29392409324645996,0.6177139282226562,2.625239133834839
all_data/dataset/test/image_09280.jpg,0.03508771929824561,0.14035087719298245,0.2412280701754386,0.17647058823529413,0.2647058823529412,0.6176470588235294,0.3684711456298828,0.652256965637207,6.541053771972656
all_data/dataset/test/image_16874.jpg,0.02054794520547945,0.0136986301369863,0.2534246575342466,0.11538461538461539,0.07692307692307693,0.6923076923076923,0.299971342086792,0.7863492965698242,5.629974126815796
all_data/dataset/test/image_26395.jpg,0.0,0.0,0.0,0.0,0.0,0.0,0.28635168075561523,0.6339702606201172,1.792947769165039
all_data/dataset/test/image_18479.jpg,0.019417475728155338,0.019417475728155338,0.009708737864077669,0.14285714285714285,0.14285714285714285,0.14285714285714285,0.2969965934753418,0.6055111885070801,2.5201375484466553
all_data/dataset/test/image_87836.jpg,0.012269938650306749,0.012269938650306749,0.049079754601226995,0.038461538461538464,0.038461538461538464,0.3076923076923077,0.2928175926208496,0.5934851169586182,3.0296642780303955
all_data/dataset/test/image_76683.jpg,0.04954954954954955,0.14414414414414414,0.08558558558558559,0.2857142857142857,0.2,0.42857142857142855,0.29952120780944824,0.6073198318481445,2.939455032348633
all_data/dataset/test/image_98966.jpg,0.0,0.0,0.07142857142857142,0.0,0.0,1.0,0.345914363861084,0.589693546295166,1.4234917163848877
all_data/dataset/test/image_14982.jpg,0.0,0.0,0.0,0.0,0.0,0.0,0.29326486587524414,0.6127729415893555,1.4488131999969482
all_data/dataset/test/image_73598.jpg,0.6926406926406926,0.36796536796536794,0.7575757575757576,1.0,0.6571428571428571,1.0,0.2965846061706543,0.5599448680877686,10.687083959579468
all_data/dataset/test/image_75079.jpg,0.04081632653061224,0.04081632653061224,0.02040816326530612,0.2,0.2,0.2,0.2994508743286133,0.576514720916748,1.84922194480896
all_data/dataset/test/image_04296.jpg,0.013157894736842105,0.0,0.02631578947368421,0.09090909090909091,0.0,0.18181818181818182,0.30027103424072266,0.5888900756835938,1.7895736694335938
all_data/dataset/test/image_92369.jpg,0.0,0.0,0.07547169811320754,0.0,0.0,0.16666666666666666,0.26851749420166016,0.5621941089630127,1.4933116436004639
all_data/dataset/test/image_23998.jpg,0.014492753623188406,0.0,0.0,0.1,0.0,0.0,0.2583119869232178,0.5469436645507812,1.8384387493133545
all_data/dataset/test/image_51138.jpg,0.020833333333333332,0.036458333333333336,0.109375,0.10714285714285714,0.17857142857142858,0.32142857142857145,0.311276912689209,0.6267449855804443,4.220634698867798
all_data/dataset/test/image_20585.jpg,0.029850746268656716,0.029850746268656716,0.014925373134328358,0.15384615384615385,0.15384615384615385,0.07692307692307693,0.2664916515350342,0.5087528228759766,1.9608962535858154
all_data/dataset/test/image_99788.jpg,0.011627906976744186,0.011627906976744186,0.029069767441860465,0.05714285714285714,0.05714285714285714,0.14285714285714285,0.25667738914489746,0.5676729679107666,2.8400368690490723
all_data/dataset/test/image_48840.jpg,0.0,0.0,0.0,0.0,0.0,0.0,0.2466602325439453,0.5647594928741455,1.310354471206665
all_data/dataset/test/image_22759.jpg,0.812206572769953,0.7464788732394366,1.0,0.9714285714285714,1.0,1.0,0.27613282203674316,0.5130836963653564,0.9665894508361816
all_data/dataset/test/image_08176.jpg,0.021052631578947368,0.021052631578947368,0.1368421052631579,0.16666666666666666,0.16666666666666666,0.3333333333333333,0.25995540618896484,0.5282251834869385,3.220142126083374
all_data/dataset/test/image_67408.jpg,0.4308300395256917,0.5138339920948617,0.7944664031620553,0.8857142857142857,0.8285714285714286,1.0,0.26029491424560547,0.5419290065765381,9.320268154144287
all_data/dataset/test/image_15081.jpg,0.05,0.17727272727272728,0.18181818181818182,0.2571428571428571,0.4857142857142857,0.4857142857142857,0.2584691047668457,0.5183629989624023,4.310325860977173
all_data/dataset/test/image_26106.jpg,0.0425531914893617,0.0425531914893617,0.0,0.2222222222222222,0.2222222222222222,0.0,0.2589738368988037,0.5410666465759277,1.5465476512908936
all_data/dataset/test/image_52288.jpg,0.08333333333333333,0.08333333333333333,0.25,0.5,0.5,1.0,0.26566362380981445,0.524935245513916,1.4196088314056396
all_data/dataset/test/image_87352.jpg,0.7745664739884393,0.5895953757225434,0.953757225433526,1.0,0.9285714285714286,1.0,0.25612449645996094,0.5169398784637451,3.7549538612365723
all_data/dataset/test/image_80709.jpg,0.0,0.0,0.42105263157894735,0.0,0.0,0.6666666666666666,0.26651954650878906,0.5431418418884277,1.4795467853546143
all_data/dataset/test/image_29706.jpg,0.08771929824561403,0.13157894736842105,0.13596491228070176,0.5,0.16666666666666666,0.43333333333333335,0.2682504653930664,0.5703935623168945,4.271068334579468
all_data/dataset/test/image_51812.jpg,0.0,0.0,0.024,0.0,0.0,0.15,0.2968318462371826,0.5515892505645752,2.5486605167388916
all_data/dataset/test/image_22606.jpg,0.045454545454545456,0.030303030303030304,0.7575757575757576,0.18181818181818182,0.18181818181818182,0.9090909090909091,0.2560708522796631,0.5606865882873535,1.854468584060669
all_data/dataset/test/image_49573.jpg,0.024390243902439025,0.0,0.04878048780487805,0.14285714285714285,0.0,0.2857142857142857,0.2616465091705322,0.5252635478973389,1.4210753440856934
all_data/dataset/test/image_47311.jpg,0.0,0.0,0.022727272727272728,0.0,0.0,0.14285714285714285,0.27052855491638184,0.5738766193389893,2.653672218322754
all_data/dataset/test/image_35317.jpg,0.0,0.0,0.18181818181818182,0.0,0.0,0.5,0.2548551559448242,0.5098667144775391,1.4846205711364746
all_data/dataset/test/image_26033.jpg,0.009569377990430622,0.04784688995215311,0.009569377990430622,0.08571428571428572,0.05714285714285714,0.08571428571428572,0.260739803314209,0.5592050552368164,3.4939069747924805
all_data/dataset/test/image_83510.jpg,0.0,0.0,0.041666666666666664,0.0,0.0,0.3,0.24855327606201172,0.5799217224121094,1.9303255081176758
all_data/dataset/test/image_71284.jpg,0.1214574898785425,0.23481781376518218,0.13360323886639677,0.5142857142857142,0.3142857142857143,0.42857142857142855,0.25670814514160156,0.5464169979095459,4.384465217590332
all_data/dataset/test/image_97662.jpg,0.0,0.0,0.19444444444444445,0.0,0.0,0.4583333333333333,0.2580232620239258,0.5407450199127197,4.021443843841553
all_data/dataset/test/image_52244.jpg,0.0,0.0,0.047619047619047616,0.0,0.0,0.2,0.26460957527160645,0.5614597797393799,1.8406150341033936
all_data/dataset/test/image_29132.jpg,0.0,0.0,0.1643835616438356,0.0,0.0,0.5,0.2664337158203125,0.5433616638183594,1.8563709259033203
all_data/dataset/test/image_08881.jpg,0.031088082901554404,0.015544041450777202,0.44559585492227977,0.17142857142857143,0.08571428571428572,0.8285714285714286,0.26600050926208496,0.5392014980316162,5.1098549365997314
all_data/dataset/test/image_67312.jpg,0.0,0.02857142857142857,0.2,0.0,0.16666666666666666,0.5,0.26162242889404297,0.5738778114318848,1.4008848667144775
all_data/dataset/test/image_62653.jpg,0.04054054054054054,0.02702702702702703,0.0945945945945946,0.16666666666666666,0.16666666666666666,0.4166666666666667,0.2648508548736572,0.5818021297454834,2.073460817337036
all_data/dataset/test/image_61053.jpg,0.0,0.0,0.0,0.0,0.0,0.0,0.2578423023223877,0.5801095962524414,1.6676106452941895
all_data/dataset/test/image_25384.jpg,0.0,0.0,0.0,0.0,0.0,0.0,0.3301880359649658,0.6475710868835449,1.2656738758087158
all_data/dataset/test/image_21348.jpg,0.0,0.0,0.0,0.0,0.0,0.0,0.3918740749359131,0.6249980926513672,1.1362793445587158
all_data/dataset/test/image_90868.jpg,0.0,0.034482758620689655,0.034482758620689655,0.0,0.25,0.25,0.2657656669616699,0.52958083152771,1.5528631210327148
all_data/dataset/test/image_30065.jpg,0.08494208494208494,0.25868725868725867,0.1969111969111969,0.4,0.45714285714285713,0.7142857142857143,0.26243066787719727,0.5161340236663818,9.37080454826355
all_data/dataset/test/image_73722.jpg,0.007352941176470588,0.014705882352941176,0.14705882352941177,0.045454545454545456,0.045454545454545456,0.36363636363636365,0.30726099014282227,0.5764009952545166,2.5272154808044434
all_data/dataset/test/image_63377.jpg,0.09130434782608696,0.15217391304347827,0.21739130434782608,0.3142857142857143,0.2,0.6,0.25905275344848633,0.5418243408203125,5.303993225097656
all_data/dataset/test/image_01138.jpg,0.6299212598425197,0.5039370078740157,0.8070866141732284,0.9428571428571428,0.8571428571428571,1.0,0.27251601219177246,0.5668892860412598,6.047745704650879
all_data/dataset/test/image_55291.jpg,0.2396694214876033,0.30578512396694213,0.7933884297520661,0.7428571428571429,0.6857142857142857,1.0,0.2603762149810791,0.5310564041137695,10.08988618850708
all_data/dataset/test/image_45060.jpg,0.009345794392523364,0.009345794392523364,0.018691588785046728,0.06666666666666667,0.06666666666666667,0.06666666666666667,0.26585888862609863,0.5315728187561035,2.083618402481079
all_data/dataset/test/image_41627.jpg,0.031746031746031744,0.031746031746031744,0.015873015873015872,0.18181818181818182,0.18181818181818182,0.18181818181818182,0.2589268684387207,0.5709044933319092,2.0399694442749023
all_data/dataset/test/image_39263.jpg,0.0,0.0,0.058823529411764705,0.0,0.0,0.25,0.2636725902557373,0.53385329246521,1.6143791675567627
all_data/dataset/test/image_96980.jpg,0.09917355371900827,0.049586776859504134,0.8016528925619835,0.47368421052631576,0.2631578947368421,1.0526315789473684,0.2583041191101074,0.5199792385101318,2.7297511100769043
all_data/dataset/test/image_02463.jpg,0.015151515151515152,0.015151515151515152,0.045454545454545456,0.09090909090909091,0.09090909090909091,0.18181818181818182,0.2686488628387451,0.5357949733734131,1.769209623336792
all_data/dataset/test/image_52237.jpg,0.0,0.0,0.15384615384615385,0.0,0.0,0.5,0.26315832138061523,0.5226576328277588,2.1323986053466797
all_data/dataset/test/image_02611.jpg,0.7272727272727273,0.5252525252525253,0.7929292929292929,0.9714285714285714,0.7714285714285715,1.0,0.26074719429016113,0.5397593975067139,5.40837836265564
all_data/dataset/test/image_65183.jpg,0.12154696132596685,0.07734806629834254,0.7071823204419889,0.5555555555555556,0.37037037037037035,1.037037037037037,0.3158111572265625,0.5102746486663818,7.208442211151123
all_data/dataset/test/image_42722.jpg,0.7588652482269503,0.6347517730496454,0.8829787234042553,1.0,0.8857142857142857,1.0,0.2658512592315674,0.5490002632141113,6.134891986846924
all_data/dataset/test/image_92773.jpg,0.0,0.0,0.0,0.0,0.0,0.0,0.2614927291870117,0.5388460159301758,1.9015381336212158
all_data/dataset/test/image_13807.jpg,0.0,0.0,0.029411764705882353,0.0,0.0,0.14285714285714285,0.26096153259277344,0.5240433216094971,1.5073299407958984
all_data/dataset/test/image_56644.jpg,0.01818181818181818,0.01818181818181818,0.03636363636363636,0.04,0.04,0.12,0.2693943977355957,0.5438973903656006,3.353579044342041
all_data/dataset/test/image_43500.jpg,0.0,0.0,0.0,0.0,0.0,0.0,0.2855997085571289,0.5542252063751221,1.9393336772918701
all_data/dataset/test/image_16100.jpg,0.037815126050420166,0.17647058823529413,0.1092436974789916,0.14285714285714285,0.2571428571428571,0.34285714285714286,0.25833868980407715,0.5208537578582764,3.5454823970794678
all_data/dataset/test/image_06235.jpg,0.0,0.0,0.0,0.0,0.0,0.0,0.26402878761291504,0.533066987991333,2.2860922813415527
all_data/dataset/test/image_61187.jpg,0.29118773946360155,0.26053639846743293,0.421455938697318,0.9142857142857143,0.37142857142857144,0.9714285714285714,0.25413060188293457,0.5517516136169434,8.772205829620361
all_data/dataset/test/image_86868.jpg,0.0,0.0,0.0,0.0,0.0,0.0,0.2670433521270752,0.5958902835845947,1.227731466293335
all_data/dataset/test/image_55435.jpg,0.0,0.0,0.00980392156862745,0.0,0.0,0.13333333333333333,0.311934232711792,0.6650760173797607,2.8655731678009033
all_data/dataset/test/image_60440.jpg,0.0,0.0,0.0,0.0,0.0,0.0,0.384732723236084,0.688774585723877,1.4129891395568848
all_data/dataset/test/image_29131.jpg,0.0,0.0,0.0,0.0,0.0,0.0,0.2821485996246338,0.616321325302124,1.6670506000518799
all_data/dataset/test/image_92752.jpg,0.021505376344086023,0.026881720430107527,0.0913978494623656,0.08571428571428572,0.11428571428571428,0.3142857142857143,0.42212462425231934,0.7473187446594238,5.724058151245117
all_data/dataset/test/image_51572.jpg,0.08520179372197309,0.16143497757847533,0.7802690582959642,0.34285714285714286,0.3142857142857143,1.0,0.3062305450439453,0.6408705711364746,10.564658164978027
all_data/dataset/test/image_23837.jpg,0.0,0.0,0.01639344262295082,0.0,0.0,0.1111111111111111,0.2942783832550049,0.5612640380859375,2.344179391860962
all_data/dataset/test/image_37338.jpg,0.0,0.0,0.08196721311475409,0.0,0.0,0.5555555555555556,0.30110621452331543,0.6351683139801025,3.0575411319732666
all_data/dataset/test/image_82639.jpg,0.0,0.0,0.07692307692307693,0.0,0.0,0.3333333333333333,0.3225541114807129,0.6123437881469727,1.629838228225708
all_data/dataset/test/image_27565.jpg,0.0,0.0,0.13157894736842105,0.0,0.0,0.5,0.35863161087036133,0.6297719478607178,1.7187983989715576
all_data/dataset/test/image_37835.jpg,0.1724137931034483,0.10344827586206896,0.20689655172413793,1.0,0.6666666666666666,1.3333333333333333,0.2896566390991211,0.5660786628723145,1.4761216640472412
all_data/dataset/test/image_67439.jpg,0.0,0.0,0.0,0.0,0.0,0.0,0.33067750930786133,0.6035504341125488,1.476215124130249
all_data/dataset/test/image_42232.jpg,0.0,0.0,0.09090909090909091,0.0,0.0,0.3333333333333333,0.3443477153778076,0.648963212966919,1.3873541355133057
all_data/dataset/test/image_14754.jpg,0.05116279069767442,0.07906976744186046,0.15813953488372093,0.2857142857142857,0.11428571428571428,0.4,0.3373744487762451,0.6367001533508301,4.788124084472656
all_data/dataset/test/image_91821.jpg,0.0,0.0,0.009259259259259259,0.0,0.0,0.05555555555555555,0.297954797744751,0.6670804023742676,2.7921793460845947
all_data/dataset/test/image_66964.jpg,0.03571428571428571,0.03571428571428571,0.0,0.2,0.2,0.0,0.3227345943450928,0.5926074981689453,2.001566171646118
all_data/dataset/test/image_96045.jpg,0.0,0.0,0.6666666666666666,0.0,0.0,0.6666666666666666,0.2828664779663086,0.5862226486206055,1.6365535259246826
all_data/dataset/test/image_63177.jpg,0.015873015873015872,0.0,0.07936507936507936,0.1,0.0,0.4,0.29607391357421875,0.6445515155792236,1.951328992843628
all_data/dataset/test/image_62685.jpg,0.0,0.0,0.0,0.0,0.0,0.0,0.32106518745422363,0.6221849918365479,1.8743901252746582
all_data/dataset/test/image_52957.jpg,0.037209302325581395,0.10697674418604651,0.20930232558139536,0.2571428571428571,0.22857142857142856,0.6857142857142857,0.27466893196105957,0.5668540000915527,3.736255645751953
all_data/dataset/test/image_15931.jpg,0.1346938775510204,0.2816326530612245,0.5877551020408164,0.5454545454545454,0.6666666666666666,0.9696969696969697,0.3144409656524658,0.5637614727020264,10.111827373504639
all_data/dataset/test/image_24889.jpg,0.008771929824561403,0.13157894736842105,0.7236842105263158,0.05714285714285714,0.2,0.9428571428571428,0.28299689292907715,0.6331627368927002,4.539376497268677
all_data/dataset/test/image_02975.jpg,0.022222222222222223,0.016666666666666666,0.12777777777777777,0.15384615384615385,0.11538461538461539,0.38461538461538464,0.2855112552642822,0.5941300392150879,4.102113723754883
all_data/dataset/test/image_93842.jpg,0.5821428571428572,0.5107142857142857,0.36428571428571427,1.0,0.8285714285714286,0.9142857142857143,0.2735159397125244,0.5808968544006348,8.056204319000244
all_data/dataset/test/image_91563.jpg,0.0,0.0,0.0,0.0,0.0,0.0,0.2558934688568115,0.5731296539306641,1.31941819190979
all_data/dataset/test/image_12699.jpg,0.0,0.0,0.09090909090909091,0.0,0.0,0.5,0.3473172187805176,0.6076996326446533,1.2266454696655273
all_data/dataset/test/image_04610.jpg,0.02702702702702703,0.02702702702702703,0.0945945945945946,0.13333333333333333,0.13333333333333333,0.2,0.27480220794677734,0.6642897129058838,1.827906608581543
all_data/dataset/test/image_73852.jpg,0.0,0.0,0.14049586776859505,0.0,0.0,0.2222222222222222,0.28532958030700684,0.6170313358306885,2.7575955390930176
all_data/dataset/test/image_98001.jpg,0.0,0.0,0.0,0.0,0.0,0.0,0.2868833541870117,0.540031909942627,1.2663462162017822
all_data/dataset/test/image_23348.jpg,0.01834862385321101,0.05504587155963303,0.7155963302752294,0.11764705882352941,0.23529411764705882,0.9411764705882353,0.2835416793823242,0.6246521472930908,2.6177353858947754
all_data/dataset/test/image_92484.jpg,0.0,0.0,0.07692307692307693,0.0,0.0,0.5,0.28693175315856934,0.5647909641265869,1.2883200645446777
all_data/dataset/test/image_69304.jpg,0.016260162601626018,0.016260162601626018,0.22764227642276422,0.1111111111111111,0.1111111111111111,0.8333333333333334,0.27956557273864746,0.5746314525604248,3.1723580360412598
all_data/dataset/test/image_70184.jpg,0.04950495049504951,0.04455445544554455,0.07920792079207921,0.13333333333333333,0.16666666666666666,0.3333333333333333,0.27843213081359863,0.6015257835388184,4.134721755981445
all_data/dataset/test/image_34709.jpg,0.0,0.0,0.0,0.0,0.0,0.0,0.35004401206970215,0.6186697483062744,1.5582165718078613
all_data/dataset/test/image_59319.jpg,0.014285714285714285,0.04285714285714286,0.5142857142857142,0.09090909090909091,0.18181818181818182,0.6363636363636364,0.30072760581970215,0.6665072441101074,2.6153175830841064
all_data/dataset/test/image_32507.jpg,0.0,0.0,0.05357142857142857,0.0,0.0,0.3,0.28931498527526855,0.6297609806060791,1.942497730255127
all_data/dataset/test/image_26995.jpg,0.0,0.0,0.03278688524590164,0.0,0.0,0.3,0.2813725471496582,0.6135892868041992,2.0000417232513428
all_data/dataset/test/image_45816.jpg,0.01020408163265306,0.01020408163265306,0.23469387755102042,0.07692307692307693,0.07692307692307693,0.46153846153846156,0.28842854499816895,0.5859401226043701,2.524930715560913
all_data/dataset/test/image_69430.jpg,0.0,0.0,0.0,0.0,0.0,0.0,0.284679651260376,0.5935509204864502,1.536980152130127
all_data/dataset/test/image_91594.jpg,0.0,0.0,0.016666666666666666,0.0,0.0,0.09090909090909091,0.28587865829467773,0.5706722736358643,1.8189189434051514
all_data/dataset/test/image_03437.jpg,0.03571428571428571,0.03571428571428571,0.0,0.2,0.2,0.0,0.27956557273864746,0.6070771217346191,1.9018535614013672
all_data/dataset/test/image_75192.jpg,0.0070921985815602835,0.0,0.0425531914893617,0.05263157894736842,0.0,0.21052631578947367,0.2726325988769531,0.5459544658660889,3.234318494796753
all_data/dataset/test/image_57576.jpg,0.009009009009009009,0.11261261261261261,0.05855855855855856,0.05714285714285714,0.14285714285714285,0.2857142857142857,0.26259922981262207,0.5802648067474365,3.7479474544525146
all_data/dataset/test/image_95317.jpg,0.043010752688172046,0.053763440860215055,0.07526881720430108,0.2,0.13333333333333333,0.4,0.33926939964294434,0.6865780353546143,2.226839303970337
all_data/dataset/test/image_48525.jpg,0.8028846153846154,0.6538461538461539,0.8605769230769231,0.9714285714285714,0.9142857142857143,1.0,0.33892345428466797,0.5601811408996582,5.5285093784332275
all_data/dataset/test/image_02187.jpg,0.0,0.0,0.20833333333333334,0.0,0.0,0.4,0.2830383777618408,0.5847289562225342,1.7606902122497559
all_data/dataset/test/image_36900.jpg,0.0,0.0,0.029411764705882353,0.0,0.0,0.16666666666666666,0.27668261528015137,0.5850677490234375,1.5454583168029785
all_data/dataset/test/image_60517.jpg,0.0,0.0,0.07692307692307693,0.0,0.0,0.5,0.2760176658630371,0.6160366535186768,1.3240408897399902
all_data/dataset/test/image_06030.jpg,0.02666666666666667,0.05333333333333334,0.6533333333333333,0.08333333333333333,0.08333333333333333,1.0,0.2772676944732666,0.553239107131958,2.3160908222198486
all_data/dataset/test/image_63908.jpg,0.03571428571428571,0.05357142857142857,0.8214285714285714,0.14285714285714285,0.2857142857142857,1.0,0.2913646697998047,0.5691366195678711,2.3031210899353027
all_data/dataset/test/image_10746.jpg,0.10344827586206896,0.13793103448275862,0.2413793103448276,0.5,0.5,1.0,0.2897064685821533,0.6086902618408203,1.4213533401489258
all_data/dataset/test/image_99605.jpg,0.0,0.0,0.2641509433962264,0.0,0.0,0.6666666666666666,0.295642614364624,0.5793673992156982,2.4526822566986084
all_data/dataset/test/image_49405.jpg,0.7088607594936709,0.6835443037974683,1.0,0.9714285714285714,0.9428571428571428,1.0,0.289447546005249,0.6093387603759766,1.0190362930297852
all_data/dataset/test/image_95252.jpg,0.5825242718446602,0.39805825242718446,0.8009708737864077,1.0,0.7428571428571429,1.0,0.2986719608306885,0.6800441741943359,9.071247100830078
all_data/dataset/test/image_15313.jpg,0.008928571428571428,0.008928571428571428,0.10714285714285714,0.14285714285714285,0.07142857142857142,0.5714285714285714,0.4488532543182373,0.6020064353942871,3.0541892051696777
all_data/dataset/test/image_54284.jpg,0.01694915254237288,0.0,0.11864406779661017,0.1,0.0,0.3,0.2764880657196045,0.5786950588226318,1.8177392482757568
all_data/dataset/test/image_92480.jpg,0.047619047619047616,0.047619047619047616,0.023809523809523808,0.25,0.25,0.125,0.2800312042236328,0.6406736373901367,2.2090747356414795
all_data/dataset/test/image_29164.jpg,0.5836298932384342,0.6405693950177936,0.8896797153024911,1.0,0.9714285714285714,1.0,0.2757093906402588,0.6106388568878174,3.8428475856781006
all_data/dataset/test/image_92072.jpg,0.0051813471502590676,0.0051813471502590676,0.08290155440414508,0.03125,0.03125,0.4375,0.283461332321167,0.5759055614471436,4.554218053817749
all_data/dataset/test/image_44473.jpg,0.0,0.0,0.0,0.0,0.0,0.0,0.25967860221862793,0.5965423583984375,2.0597920417785645
all_data/dataset/test/image_24078.jpg,0.02857142857142857,0.02857142857142857,0.02857142857142857,0.2,0.2,0.2,0.2694394588470459,0.5681211948394775,2.279494524002075
all_data/dataset/test/image_08884.jpg,0.0,0.023255813953488372,0.16279069767441862,0.0,0.16666666666666666,0.3333333333333333,0.2824239730834961,0.6046195030212402,1.8914551734924316
all_data/dataset/test/image_79166.jpg,0.016666666666666666,0.016666666666666666,0.11666666666666667,0.10526315789473684,0.10526315789473684,0.10526315789473684,0.2789304256439209,0.5965847969055176,2.954073190689087
all_data/dataset/test/image_49830.jpg,0.04878048780487805,0.04878048780487805,0.04878048780487805,0.14285714285714285,0.14285714285714285,0.14285714285714285,0.28580474853515625,0.6081414222717285,1.6917564868927002
all_data/dataset/test/image_22385.jpg,0.031578947368421054,0.010526315789473684,0.12631578947368421,0.1,0.03333333333333333,0.26666666666666666,0.2825310230255127,0.5671026706695557,3.9913108348846436
all_data/dataset/test/image_26627.jpg,0.005917159763313609,0.023668639053254437,0.05325443786982249,0.04,0.16,0.32,0.2789647579193115,0.5718889236450195,2.960193634033203
all_data/dataset/test/image_07134.jpg,0.801980198019802,0.7425742574257426,0.905940594059406,0.9714285714285714,0.9428571428571428,1.0,0.26050591468811035,0.6216883659362793,2.3853981494903564
all_data/dataset/test/image_38400.jpg,0.0,0.0,0.06818181818181818,0.0,0.0,0.2222222222222222,0.27105069160461426,0.5326883792877197,1.710299015045166
all_data/dataset/test/image_37596.jpg,0.05660377358490566,0.03773584905660377,0.07547169811320754,0.2222222222222222,0.2222222222222222,0.2222222222222222,0.2702960968017578,0.5829572677612305,1.6371376514434814
all_data/dataset/test/image_47084.jpg,0.0,0.0,0.14634146341463414,0.0,0.0,0.7142857142857143,0.2781543731689453,0.5775918960571289,1.6965794563293457
all_data/dataset/test/image_29119.jpg,0.029411764705882353,0.0784313725490196,0.058823529411764705,0.15,0.25,0.25,0.3181264400482178,0.6293988227844238,2.003006935119629
all_data/dataset/test/image_51068.jpg,0.0,0.0,0.18604651162790697,0.0,0.0,0.3684210526315789,0.2761564254760742,0.6241681575775146,3.150691509246826
all_data/dataset/test/image_34998.jpg,0.0,0.0,0.05555555555555555,0.0,0.0,0.4,0.2794938087463379,0.5961880683898926,1.6502704620361328
all_data/dataset/test/image_13212.jpg,0.0,0.0,0.16129032258064516,0.0,0.0,0.2,0.2817854881286621,0.6124870777130127,1.3873553276062012
all_data/dataset/test/image_83493.jpg,0.016304347826086956,0.021739130434782608,0.06521739130434782,0.08823529411764706,0.08823529411764706,0.29411764705882354,0.2962188720703125,0.5749907493591309,4.123121976852417
all_data/dataset/test/image_22652.jpg,0.0,0.0,0.13043478260869565,0.0,0.0,0.6666666666666666,0.2736964225769043,0.5709936618804932,1.5404415130615234
all_data/dataset/test/image_49246.jpg,0.20930232558139536,0.31627906976744186,0.8232558139534883,0.625,0.5625,1.0,0.28152918815612793,0.5679001808166504,10.408093214035034
all_data/dataset/test/image_13566.jpg,0.3263888888888889,0.4375,0.3576388888888889,0.8571428571428571,0.6285714285714286,0.9142857142857143,0.2808094024658203,0.5732741355895996,10.191573858261108
all_data/dataset/test/image_63439.jpg,0.03125,0.03125,0.5,0.2222222222222222,0.2222222222222222,0.4444444444444444,0.331815242767334,0.5727176666259766,2.1447103023529053
all_data/dataset/test/image_35281.jpg,0.0,0.0,0.010526315789473684,0.0,0.0,0.0625,0.279956579208374,0.5907173156738281,2.2512729167938232
all_data/dataset/test/image_80277.jpg,0.0,0.0,0.0,0.0,0.0,0.0,0.27765727043151855,0.5306277275085449,1.3176465034484863
all_data/dataset/test/image_94285.jpg,0.0,0.0,0.03571428571428571,0.0,0.0,0.2,0.2894299030303955,0.6024389266967773,2.2029988765716553
all_data/dataset/test/image_51271.jpg,0.025806451612903226,0.0,0.09032258064516129,0.09090909090909091,0.0,0.36363636363636365,0.27858924865722656,0.6058602333068848,3.479379892349243
all_data/dataset/test/image_03442.jpg,0.0,0.0,0.0,0.0,0.0,0.0,0.2811279296875,0.6118693351745605,1.4804189205169678
all_data/dataset/test/image_26831.jpg,0.0,0.0,0.18181818181818182,0.0,0.0,1.0,0.28532862663269043,0.6107196807861328,1.3076248168945312
all_data/dataset/test/image_01136.jpg,0.0,0.0,0.0625,0.0,0.0,0.25,0.2768418788909912,0.5979874134063721,1.7980945110321045
all_data/dataset/test/image_46700.jpg,0.0,0.0,0.04,0.0,0.0,0.25,0.2789318561553955,0.6214337348937988,1.8353571891784668
all_data/dataset/test/image_34629.jpg,0.0,0.0,0.0,0.0,0.0,0.0,0.2904832363128662,0.5796809196472168,1.9453964233398438
all_data/dataset/test/image_59745.jpg,0.02247191011235955,0.02247191011235955,0.02247191011235955,0.15384615384615385,0.15384615384615385,0.07692307692307693,0.28895044326782227,0.5860564708709717,3.084652900695801
all_data/dataset/test/image_80143.jpg,0.04975124378109453,0.01990049751243781,0.04477611940298507,0.25,0.10714285714285714,0.32142857142857145,0.34599852561950684,0.6566262245178223,3.5726144313812256
all_data/dataset/test/image_66273.jpg,0.0,0.0,0.8018867924528302,0.0,0.0,0.6666666666666666,0.26538634300231934,0.5775039196014404,2.250420331954956
all_data/dataset/test/image_56705.jpg,0.007246376811594203,0.014492753623188406,0.07971014492753623,0.05263157894736842,0.10526315789473684,0.21052631578947367,0.27178287506103516,0.5482261180877686,3.4844436645507812
all_data/dataset/test/image_03111.jpg,0.038461538461538464,0.038461538461538464,0.038461538461538464,0.3333333333333333,0.3333333333333333,0.3333333333333333,0.27942442893981934,0.5764584541320801,1.5150516033172607
all_data/dataset/test/image_48999.jpg,0.0,0.0,0.0,0.0,0.0,0.0,0.28795957565307617,0.5754303932189941,1.4168343544006348
all_data/dataset/test/image_15699.jpg,0.0,0.0,0.05,0.0,0.0,0.3333333333333333,0.2862539291381836,0.5895979404449463,1.3650412559509277
all_data/dataset/test/image_23401.jpg,0.005,0.07,0.02,0.02857142857142857,0.08571428571428572,0.05714285714285714,0.27791357040405273,0.586367130279541,3.858585834503174
all_data/dataset/test/image_41875.jpg,0.03864734299516908,0.04830917874396135,0.1111111111111111,0.17142857142857143,0.08571428571428572,0.45714285714285713,0.279374361038208,0.6235067844390869,3.7699544429779053
all_data/dataset/test/image_25840.jpg,0.0,0.0,0.0,0.0,0.0,0.0,0.27388906478881836,0.5923583507537842,1.5708751678466797
all_data/dataset/test/image_81009.jpg,0.0,0.0,0.044444444444444446,0.0,0.0,0.14285714285714285,0.2840855121612549,0.6083164215087891,1.7176589965820312
all_data/dataset/test/image_91800.jpg,0.005681818181818182,0.005681818181818182,0.11363636363636363,0.03225806451612903,0.03225806451612903,0.2903225806451613,0.27380871772766113,0.5543045997619629,4.570651531219482
all_data/dataset/test/image_42553.jpg,0.0,0.011627906976744186,0.4069767441860465,0.0,0.07142857142857142,0.6428571428571429,0.3252220153808594,0.673051118850708,2.6527328491210938
all_data/dataset/test/image_09007.jpg,0.032432432432432434,0.032432432432432434,0.05405405405405406,0.13793103448275862,0.1724137931034483,0.3448275862068966,0.27138471603393555,0.5612399578094482,3.446336269378662
all_data/dataset/test/image_25226.jpg,0.014705882352941176,0.03431372549019608,0.14705882352941177,0.08571428571428572,0.05714285714285714,0.5142857142857142,0.27188611030578613,0.5471372604370117,4.173130750656128
all_data/dataset/test/image_69568.jpg,0.0,0.0,0.05555555555555555,0.0,0.0,0.3333333333333333,0.2905232906341553,0.6038315296173096,1.5327749252319336
all_data/dataset/test/image_86810.jpg,0.0,0.0,0.0,0.0,0.0,0.0,0.27877163887023926,0.6507911682128906,1.1451082229614258
all_data/dataset/test/image_48207.jpg,0.010050251256281407,0.005025125628140704,0.32160804020100503,0.05714285714285714,0.02857142857142857,0.4,0.2794013023376465,0.5816707611083984,2.819242000579834
all_data/dataset/test/image_01130.jpg,0.10300429184549356,0.1759656652360515,0.22317596566523606,0.37142857142857144,0.2857142857142857,0.7142857142857143,0.28356051445007324,0.6044971942901611,8.031311273574829
all_data/dataset/test/image_49994.jpg,0.017241379310344827,0.017241379310344827,0.05172413793103448,0.11764705882352941,0.11764705882352941,0.4117647058823529,0.285750150680542,0.5464062690734863,2.5175135135650635
all_data/dataset/test/image_15559.jpg,0.0,0.0,0.0,0.0,0.0,0.0,0.2707054615020752,0.6151070594787598,1.6911180019378662
all_data/dataset/test/image_30081.jpg,0.8571428571428571,0.7619047619047619,1.0,1.0,1.0,1.0,0.279437780380249,0.6180746555328369,1.0028438568115234
all_data/dataset/test/image_64349.jpg,0.021052631578947368,0.005263157894736842,0.6105263157894737,0.08571428571428572,0.02857142857142857,0.8,0.2762596607208252,0.5659918785095215,4.478188991546631
all_data/dataset/test/image_97923.jpg,0.0196078431372549,0.0392156862745098,0.09803921568627451,0.1111111111111111,0.1111111111111111,0.3333333333333333,0.37653303146362305,0.6592569351196289,2.0213539600372314
all_data/dataset/test/image_53393.jpg,0.0,0.0,0.06976744186046512,0.0,0.0,0.2222222222222222,0.34433817863464355,0.6283843517303467,1.7359719276428223
all_data/dataset/test/image_57645.jpg,0.0,0.0,0.0625,0.0,0.0,0.5,0.27761363983154297,0.6147799491882324,1.4472599029541016
all_data/dataset/test/image_09362.jpg,0.0136986301369863,0.0958904109589041,0.3972602739726027,0.08571428571428572,0.11428571428571428,0.8285714285714286,0.30933547019958496,0.6408605575561523,7.096249103546143
all_data/dataset/test/image_06053.jpg,0.0,0.0,0.014925373134328358,0.0,0.0,0.08333333333333333,0.3842637538909912,0.597693681716919,2.233128547668457
all_data/dataset/test/image_27730.jpg,0.0,0.0,0.1,0.0,0.0,0.25,0.2714688777923584,0.5967843532562256,1.3299829959869385
all_data/dataset/test/image_15089.jpg,0.0,0.0,0.07894736842105263,0.0,0.0,0.5,0.29647135734558105,0.6972332000732422,2.858752489089966
all_data/dataset/test/image_61483.jpg,0.0,0.0,0.0,0.0,0.0,0.0,0.31909847259521484,0.6313800811767578,1.2871038913726807
all_data/dataset/test/image_50948.jpg,0.1388888888888889,0.19444444444444445,0.8055555555555556,0.3333333333333333,0.6666666666666666,1.6666666666666667,0.2881333827972412,0.7543492317199707,2.4199321269989014
all_data/dataset/test/image_39254.jpg,0.019867549668874173,0.019867549668874173,0.3973509933774834,0.125,0.125,0.75,0.43456602096557617,0.6593825817108154,9.326459884643555
all_data/dataset/test/image_09726.jpg,0.0,0.0,0.025,0.0,0.0,0.16666666666666666,0.3496713638305664,0.69590163230896,1.8210046291351318
all_data/dataset/test/image_00326.jpg,0.021739130434782608,0.021739130434782608,0.16304347826086957,0.1111111111111111,0.1111111111111111,0.3333333333333333,0.4105954170227051,0.6429443359375,2.7420356273651123
all_data/dataset/test/image_75865.jpg,0.07446808510638298,0.05319148936170213,0.2127659574468085,0.2,0.13333333333333333,0.3333333333333333,0.27591514587402344,0.5984430313110352,2.291539192199707
all_data/dataset/test/image_49074.jpg,0.0,0.006535947712418301,0.8366013071895425,0.0,0.041666666666666664,1.0,0.28859519958496094,0.6271920204162598,3.678462266921997
all_data/dataset/test/image_24688.jpg,0.05128205128205128,0.05128205128205128,0.15384615384615385,0.3333333333333333,0.3333333333333333,0.6666666666666666,0.2783071994781494,0.6095607280731201,2.1609888076782227
